{
  "name": "test_job_2",
  "cutoff": 8,
  "groups_by_order": {
    "0": {
      "groups": [
        1
      ]
    },
    "1": {
      "groups": [
        1
      ]
    },
    "2": {
      "groups": [
        1,
        2
      ]
    }
  },
  "sigmas": [
    0.049999999999999996,
    0.1057371263440564,
    0.22360679774997896,
    0.4728708045015879,
    1.0
  ]
}